"Address","Occurrences","Meta Description 1","Meta Description 1 Length","Meta Description 1 Pixel Width","Indexability","Indexability Status"
"https://www.dembitskyi.com/uk","1","Пластичний хірург із багаторічним досвідом, який поєднує професіоналізм, сучасні технології та уважне ставлення до кожного пацієнта. Моя мета - не просто змінювати зовнішність, а робити її гармонійною і здоровою.","212","1436","Indexable",""
"https://www.dembitskyi.com/uk/cases","1","Пластичний хірург із багаторічним досвідом, який поєднує професіоналізм, сучасні технології та уважне ставлення до кожного пацієнта. Моя мета - не просто змінювати зовнішність, а робити її гармонійною і здоровою.","212","1436","Indexable",""
"https://www.dembitskyi.com/uk/package-service/anti-age-kompleks","1","Комплексне омолодження обличчя, яке поєднує підтяжку та інʼєкційні процедури. Дозволяє отримати більш виражений і природний результат із довготривалим ефектом","158","1126","Indexable",""
"https://www.dembitskyi.com/uk/package-service/mommy-makeover","1","Комплексне відновлення фігури після вагітності, яке поєднує корекцію живота і грудей. Дозволяє повернути пропорції тіла та отримати гармонійний силует за один підхід.","166","1126","Indexable",""
"https://www.dembitskyi.com/uk/package-service/plaskij-zhivit","1","Комплексна операція для тих, хто хоче позбутися надлишкової шкіри та об’єму в зоні живота і сформувати чіткий, гармонійний силует. Поєднання кількох етапів дозволяє отримати рівний живіт і виражену талію за один підхід.","219","1493","Indexable",""
"https://www.dembitskyi.com/uk/blog","1","Пластичний хірург із багаторічним досвідом, який поєднує професіоналізм, сучасні технології та уважне ставлення до кожного пацієнта. Моя мета - не просто змінювати зовнішність, а робити її гармонійною і здоровою.","212","1436","Indexable",""
"https://www.dembitskyi.com/uk/cases/likuvannya-varikoznoyi-hvorobi-nizhnoyi-kinczivki","1","Пацієнтка звернулась зі скаргами на естетичний дискомфорт, періодичне відчуття важкості в нозі та помірну набряклість у другій половині дня.","140","952","Indexable",""
"https://www.dembitskyi.com/uk/package-service/vidkritij-poglyad","1","Комплексна корекція зони очей, яка поєднує блефаропластику та інʼєкційні процедури. Дозволяє прибрати нависання повік, зменшити зморшки та зробити погляд більш відкритим і свіжим.","179","1255","Indexable",""
"https://www.dembitskyi.com/uk/about","1","Пластичний хірург із багаторічним досвідом, який поєднує професіоналізм, сучасні технології та уважне ставлення до кожного пацієнта. Моя мета - не просто змінювати зовнішність, а робити її гармонійною і здоровою.","212","1436","Indexable",""
"https://www.dembitskyi.com/uk/package-service/legkist-i-krasa-nig","1","Комплексне лікування варикозу, яке допомагає позбутися видимих вен і відчуття важкості в ногах. Поєднання кількох методів дозволяє отримати не лише естетичний результат, а й відчуття легкості та комфорту в повсякденному житті.","226","1566","Indexable",""
"https://www.dembitskyi.com/uk/contacts","1","Пластичний хірург із багаторічним досвідом, який поєднує професіоналізм, сучасні технології та уважне ставлення до кожного пацієнта. Моя мета - не просто змінювати зовнішність, а робити її гармонійною і здоровою.","212","1436","Indexable",""
"https://www.dembitskyi.com/uk/services","1","Пластичний хірург із багаторічним досвідом, який поєднує професіоналізм, сучасні технології та уважне ставлення до кожного пацієнта. Моя мета - не просто змінювати зовнішність, а робити її гармонійною і здоровою.","212","1436","Indexable",""
"https://www.dembitskyi.com/uk/services/botuinoterapiya","1","Ботулінотерапія м’яко розгладжує мімічні зморшки, зберігаючи живу міміку та надаючи обличчю відпочилий, спокійний вигляд.","121","846","Indexable",""
"https://www.dembitskyi.com/uk/services/pidtyazhka-verhnih-i-nizhnih-kinczivok","1","Підтяжка рук або стегон допомагає повернути шкірі пружність і охайний вигляд, роблячи контури кінцівок більш чіткими та гармонійними.","133","918","Indexable",""
"https://www.dembitskyi.com/uk/services/blefaroplastika","1","Блефаропластика допомагає повернути погляду свіжість і відпочилий вигляд, м’яко усуваючи вікові зміни та зберігаючи природність рис.","132","912","Indexable",""
"https://www.dembitskyi.com/uk/services/fileri-na-osnovi-negialuronovih-spoluk","1","Біостимулюючі філери м’яко запускають вироблення колагену, зміцнюють тканини та забезпечують поступове, природне омолодження.","125","904","Indexable",""
"https://www.dembitskyi.com/uk/services/minifleboktomiya","1","Мініфлебектомія м’яко усуває варикозні вузли, зменшує дискомфорт і повертає ногам акуратний, естетичний вигляд.","111","778","Indexable",""
"https://www.dembitskyi.com/uk/services/skleroobliteracziya","1","Склеротерапія допомагає позбутися судинних сіточок, вирівнює тон шкіри та повертає ногам охайний, доглянутий вигляд.","116","813","Indexable",""
"https://www.dembitskyi.com/uk/services/mamoplastika","1","Мамопластика допомагає відновити гармонійну форму грудей, повернути відчуття жіночності та впевненість у власному тілі.","119","827","Indexable",""
"https://www.dembitskyi.com/uk/services/pidtyazhka-oblichchya","1","Підтяжка обличчя м’яко відновлює чіткість овалу, освіжає зовнішність і допомагає виглядати молодше, зберігаючи природні риси.","125","867","Indexable",""
"https://www.dembitskyi.com/uk/services/fileri","1","Філери м’яко відновлюють об’єм і гармонію рис, освіжають обличчя та підкреслюють природну виразність без операції.","114","790","Indexable",""
"https://www.dembitskyi.com/uk/services/likuvannya-varikozu-lazerom","1","Лазерне лікування варикозу допомагає позбутися важкості та видимих проявів, повертаючи ногам легкість і комфорт без тривалої реабілітації.","138","952","Indexable",""
"https://www.dembitskyi.com/uk/services/liposakcziya","1","Ліпосакція м’яко коригує проблемні зони, допомагає підкреслити контури тіла та зробити фігуру більш пропорційною й легкою.","122","842","Indexable",""
"https://www.dembitskyi.com/uk/services/abdominoplastika","1","Абдомінопластика допомагає повернути животу пласкість і підтягнутість, відновлює комфорт у тілі та впевненість у собі.","118","801","Indexable",""
